--
-- PostgreSQL database dump
--

-- Dumped from database version 16.4
-- Dumped by pg_dump version 16.4

-- Started on 2024-10-12 16:43:17

SET statement_timeout = 0;
SET lock_timeout = 0;
SET idle_in_transaction_session_timeout = 0;
SET client_encoding = 'UTF8';
SET standard_conforming_strings = on;
SELECT pg_catalog.set_config('search_path', '', false);
SET check_function_bodies = false;
SET xmloption = content;
SET client_min_messages = warning;
SET row_security = off;

--
-- TOC entry 4875 (class 1262 OID 33431)
-- Name: InfoStudentsDB; Type: DATABASE; Schema: -; Owner: postgres
--

CREATE DATABASE "InfoStudentsDB" WITH TEMPLATE = template0 ENCODING = 'UTF8' LOCALE_PROVIDER = libc LOCALE = 'English_United States.1252';


ALTER DATABASE "InfoStudentsDB" OWNER TO postgres;

\connect "InfoStudentsDB"

SET statement_timeout = 0;
SET lock_timeout = 0;
SET idle_in_transaction_session_timeout = 0;
SET client_encoding = 'UTF8';
SET standard_conforming_strings = on;
SELECT pg_catalog.set_config('search_path', '', false);
SET check_function_bodies = false;
SET xmloption = content;
SET client_min_messages = warning;
SET row_security = off;

SET default_tablespace = '';

SET default_table_access_method = heap;

--
-- TOC entry 216 (class 1259 OID 33433)
-- Name: classsd; Type: TABLE; Schema: public; Owner: postgres
--

CREATE TABLE public.classsd (
    classid integer NOT NULL,
    classname character varying(255),
    course character varying(255),
    depid integer
);


ALTER TABLE public.classsd OWNER TO postgres;

--
-- TOC entry 215 (class 1259 OID 33432)
-- Name: classsd_classid_seq; Type: SEQUENCE; Schema: public; Owner: postgres
--

ALTER TABLE public.classsd ALTER COLUMN classid ADD GENERATED BY DEFAULT AS IDENTITY (
    SEQUENCE NAME public.classsd_classid_seq
    START WITH 1
    INCREMENT BY 1
    NO MINVALUE
    NO MAXVALUE
    CACHE 1
);


--
-- TOC entry 218 (class 1259 OID 33441)
-- Name: department; Type: TABLE; Schema: public; Owner: postgres
--

CREATE TABLE public.department (
    depid integer NOT NULL,
    depname character varying(255)
);


ALTER TABLE public.department OWNER TO postgres;

--
-- TOC entry 217 (class 1259 OID 33440)
-- Name: department_depid_seq; Type: SEQUENCE; Schema: public; Owner: postgres
--

ALTER TABLE public.department ALTER COLUMN depid ADD GENERATED BY DEFAULT AS IDENTITY (
    SEQUENCE NAME public.department_depid_seq
    START WITH 1
    INCREMENT BY 1
    NO MINVALUE
    NO MAXVALUE
    CACHE 1
);


--
-- TOC entry 220 (class 1259 OID 33447)
-- Name: majors; Type: TABLE; Schema: public; Owner: postgres
--

CREATE TABLE public.majors (
    majorsid integer NOT NULL,
    majorsname character varying(255)
);


ALTER TABLE public.majors OWNER TO postgres;

--
-- TOC entry 219 (class 1259 OID 33446)
-- Name: majors_majorsid_seq; Type: SEQUENCE; Schema: public; Owner: postgres
--

ALTER TABLE public.majors ALTER COLUMN majorsid ADD GENERATED BY DEFAULT AS IDENTITY (
    SEQUENCE NAME public.majors_majorsid_seq
    START WITH 1
    INCREMENT BY 1
    NO MINVALUE
    NO MAXVALUE
    CACHE 1
);


--
-- TOC entry 222 (class 1259 OID 33453)
-- Name: result; Type: TABLE; Schema: public; Owner: postgres
--

CREATE TABLE public.result (
    resultid integer NOT NULL,
    content character varying(255),
    semester character varying(255),
    year character varying(255),
    studentid integer
);


ALTER TABLE public.result OWNER TO postgres;

--
-- TOC entry 221 (class 1259 OID 33452)
-- Name: result_resultid_seq; Type: SEQUENCE; Schema: public; Owner: postgres
--

ALTER TABLE public.result ALTER COLUMN resultid ADD GENERATED BY DEFAULT AS IDENTITY (
    SEQUENCE NAME public.result_resultid_seq
    START WITH 1
    INCREMENT BY 1
    NO MINVALUE
    NO MAXVALUE
    CACHE 1
);


--
-- TOC entry 224 (class 1259 OID 33461)
-- Name: students; Type: TABLE; Schema: public; Owner: postgres
--

CREATE TABLE public.students (
    studentid integer NOT NULL,
    birthday character varying(255),
    birthplace character varying(255),
    citizenid character varying(255),
    email character varying(255),
    gender character varying(255),
    image character varying(255),
    lveducation character varying(255),
    notes character varying(255),
    password character varying(255),
    phonenumber character varying(255),
    religion character varying(255),
    studentname character varying(255),
    classid integer,
    majorsid integer
);


ALTER TABLE public.students OWNER TO postgres;

--
-- TOC entry 223 (class 1259 OID 33460)
-- Name: students_studentid_seq; Type: SEQUENCE; Schema: public; Owner: postgres
--

ALTER TABLE public.students ALTER COLUMN studentid ADD GENERATED BY DEFAULT AS IDENTITY (
    SEQUENCE NAME public.students_studentid_seq
    START WITH 1
    INCREMENT BY 1
    NO MINVALUE
    NO MAXVALUE
    CACHE 1
);


--
-- TOC entry 4861 (class 0 OID 33433)
-- Dependencies: 216
-- Data for Name: classsd; Type: TABLE DATA; Schema: public; Owner: postgres
--

INSERT INTO public.classsd VALUES (9, 'CNTT22', '2022 - 2027', 1);
INSERT INTO public.classsd VALUES (5, 'LKT21', '2021 - 2023', 5);
INSERT INTO public.classsd VALUES (11, 'NNANH23', '2023 - 2026', 3);
INSERT INTO public.classsd VALUES (2, 'KT 21', '2021 - 2024', 2);
INSERT INTO public.classsd VALUES (4, 'XD1', '2023 - 2027', 4);
INSERT INTO public.classsd VALUES (1, 'CNTT21', '2021 - 2025', 1);
INSERT INTO public.classsd VALUES (13, 'STOAN22', '2022 - 2025', 8);


--
-- TOC entry 4863 (class 0 OID 33441)
-- Dependencies: 218
-- Data for Name: department; Type: TABLE DATA; Schema: public; Owner: postgres
--

INSERT INTO public.department VALUES (1, 'Công nghệ thông tin');
INSERT INTO public.department VALUES (2, 'Kinh tế');
INSERT INTO public.department VALUES (3, 'Ngôn ngữ Anh');
INSERT INTO public.department VALUES (4, 'Xây dựng');
INSERT INTO public.department VALUES (8, 'Sư phạm Toán');
INSERT INTO public.department VALUES (5, 'Luật');


--
-- TOC entry 4865 (class 0 OID 33447)
-- Dependencies: 220
-- Data for Name: majors; Type: TABLE DATA; Schema: public; Owner: postgres
--

INSERT INTO public.majors VALUES (2, 'Quản trị kinh doanh');
INSERT INTO public.majors VALUES (3, 'Tiếng Anh thương mại');
INSERT INTO public.majors VALUES (1, 'Khoa học máy tính');
INSERT INTO public.majors VALUES (5, 'Kinh tế');
INSERT INTO public.majors VALUES (4, 'Kỹ thuật xây dựng');
INSERT INTO public.majors VALUES (12, 'Sư phạm Toán');
INSERT INTO public.majors VALUES (13, 'Sư phạm Tin');


--
-- TOC entry 4867 (class 0 OID 33453)
-- Dependencies: 222
-- Data for Name: result; Type: TABLE DATA; Schema: public; Owner: postgres
--

INSERT INTO public.result VALUES (4, 'Toán: 7, Lý: 7, Hóa: 8', 'Học kì 2', '2022 - 2023', 4);
INSERT INTO public.result VALUES (5, 'Toán: 7, Lý: 7, Hóa: 8', 'Học kì 1', '2022 - 2023', 5);
INSERT INTO public.result VALUES (3, 'Toán: 7, Lý: 7, Hóa: 8', 'Học kì 2', '2022 - 2023', 3);
INSERT INTO public.result VALUES (2, 'Toán: 7, Lý: 7, Hóa: 8', 'Học kì 1', '2022 - 2023', 2);
INSERT INTO public.result VALUES (1, 'Toán: 7, Lý: 7, Hóa: 8', 'Học kì 2', '2022 - 2023', 1);
INSERT INTO public.result VALUES (6, 'Toán: 8, Công nghệ: 9, Tin: 5, Văn: 7', 'Học kì 1', '2024 - 2025', 1);
INSERT INTO public.result VALUES (7, 'Văn: 7, Toán: 8', 'Học kì 2', '2024 - 2025', 1);
INSERT INTO public.result VALUES (9, 'Toán: 9, Tin: 7, Sử: 8, Anh Văn: 5', 'Học kì 1', '2024 - 2025', 2);
INSERT INTO public.result VALUES (10, 'Toán: 9, Tin: 7', 'Học kì 1', '2024 - 2025', 5);


--
-- TOC entry 4869 (class 0 OID 33461)
-- Dependencies: 224
-- Data for Name: students; Type: TABLE DATA; Schema: public; Owner: postgres
--

INSERT INTO public.students VALUES (3, '2000-03-03', 'Đà Nẵng', '012345680212', 'c@gmail.com', 'Nam', 'http://localhost:8080/api/students/images/3.jpg', 'Đại học', 'student', '123456', '0901234569', 'Không', 'Lê Văn C', 1, 3);
INSERT INTO public.students VALUES (4, '2002-04-04', 'Cần Thơ', '012345679223', 'd@gmail.com', 'Nữ', 'http://localhost:8080/api/students/images/1.png', 'Cao đẳng', 'student', '123456', '0901234570', 'Không', 'Phạm Thị D', 4, 4);
INSERT INTO public.students VALUES (2, '2024-10-16', 'Hồ Chí Minh', '012345682122', 'e@gmail.com', 'Nam', 'http://localhost:8080/api/students/images/app-screen-01-free-img.png', 'Đại học', 'student', '123456', '0901234571', 'Không', 'Nguyễn Văn A', 4, 4);
INSERT INTO public.students VALUES (5, '2003-05-05', 'Hải Phòng', '012345682122', 'e@gmail.com', 'Nam', 'http://localhost:8080/api/students/images/Thiết kế chưa có tên (3).png', 'Đại học', 'student', '123456', '0901234571', 'Không', 'Hoàng Văn E', 5, 5);
INSERT INTO public.students VALUES (1, '2000-01-01', 'Hà Nội', '012345679546', 'admin@gmail.com', 'Nam', 'http://localhost:8080/api/students/images/5.jpg', 'Cao đẳng', 'admin', '12345678', '0901234567', 'Không', 'Nguyễn Văn A', 1, 1);


--
-- TOC entry 4876 (class 0 OID 0)
-- Dependencies: 215
-- Name: classsd_classid_seq; Type: SEQUENCE SET; Schema: public; Owner: postgres
--

SELECT pg_catalog.setval('public.classsd_classid_seq', 17, true);


--
-- TOC entry 4877 (class 0 OID 0)
-- Dependencies: 217
-- Name: department_depid_seq; Type: SEQUENCE SET; Schema: public; Owner: postgres
--

SELECT pg_catalog.setval('public.department_depid_seq', 14, true);


--
-- TOC entry 4878 (class 0 OID 0)
-- Dependencies: 219
-- Name: majors_majorsid_seq; Type: SEQUENCE SET; Schema: public; Owner: postgres
--

SELECT pg_catalog.setval('public.majors_majorsid_seq', 19, true);


--
-- TOC entry 4879 (class 0 OID 0)
-- Dependencies: 221
-- Name: result_resultid_seq; Type: SEQUENCE SET; Schema: public; Owner: postgres
--

SELECT pg_catalog.setval('public.result_resultid_seq', 10, true);


--
-- TOC entry 4880 (class 0 OID 0)
-- Dependencies: 223
-- Name: students_studentid_seq; Type: SEQUENCE SET; Schema: public; Owner: postgres
--

SELECT pg_catalog.setval('public.students_studentid_seq', 24, true);


--
-- TOC entry 4704 (class 2606 OID 33439)
-- Name: classsd classsd_pkey; Type: CONSTRAINT; Schema: public; Owner: postgres
--

ALTER TABLE ONLY public.classsd
    ADD CONSTRAINT classsd_pkey PRIMARY KEY (classid);


--
-- TOC entry 4706 (class 2606 OID 33445)
-- Name: department department_pkey; Type: CONSTRAINT; Schema: public; Owner: postgres
--

ALTER TABLE ONLY public.department
    ADD CONSTRAINT department_pkey PRIMARY KEY (depid);


--
-- TOC entry 4708 (class 2606 OID 33451)
-- Name: majors majors_pkey; Type: CONSTRAINT; Schema: public; Owner: postgres
--

ALTER TABLE ONLY public.majors
    ADD CONSTRAINT majors_pkey PRIMARY KEY (majorsid);


--
-- TOC entry 4710 (class 2606 OID 33459)
-- Name: result result_pkey; Type: CONSTRAINT; Schema: public; Owner: postgres
--

ALTER TABLE ONLY public.result
    ADD CONSTRAINT result_pkey PRIMARY KEY (resultid);


--
-- TOC entry 4712 (class 2606 OID 33467)
-- Name: students students_pkey; Type: CONSTRAINT; Schema: public; Owner: postgres
--

ALTER TABLE ONLY public.students
    ADD CONSTRAINT students_pkey PRIMARY KEY (studentid);


--
-- TOC entry 4714 (class 2606 OID 33473)
-- Name: result fk887cbvqvwsu2lxj3n26adwat9; Type: FK CONSTRAINT; Schema: public; Owner: postgres
--

ALTER TABLE ONLY public.result
    ADD CONSTRAINT fk887cbvqvwsu2lxj3n26adwat9 FOREIGN KEY (studentid) REFERENCES public.students(studentid);


--
-- TOC entry 4715 (class 2606 OID 33478)
-- Name: students fkb5tbf8uhqn4y9qjo0aj4cj307; Type: FK CONSTRAINT; Schema: public; Owner: postgres
--

ALTER TABLE ONLY public.students
    ADD CONSTRAINT fkb5tbf8uhqn4y9qjo0aj4cj307 FOREIGN KEY (classid) REFERENCES public.classsd(classid);


--
-- TOC entry 4716 (class 2606 OID 33483)
-- Name: students fkf98jv0j56681owp94j36jch4f; Type: FK CONSTRAINT; Schema: public; Owner: postgres
--

ALTER TABLE ONLY public.students
    ADD CONSTRAINT fkf98jv0j56681owp94j36jch4f FOREIGN KEY (majorsid) REFERENCES public.majors(majorsid);


--
-- TOC entry 4713 (class 2606 OID 33468)
-- Name: classsd fkqpwepxttmdh7jpvu8femop8al; Type: FK CONSTRAINT; Schema: public; Owner: postgres
--

ALTER TABLE ONLY public.classsd
    ADD CONSTRAINT fkqpwepxttmdh7jpvu8femop8al FOREIGN KEY (depid) REFERENCES public.department(depid);


-- Completed on 2024-10-12 16:43:17

--
-- PostgreSQL database dump complete
--

